Source,Type,Target,Weight
Арликин, Гидима, Бармас,Undirected,Арликин, Дюлиж, Критициондиус,1
Арликин, Гидима, Бармас,Undirected,Арликин, Критициондиус,1
Арликин, Гидима, Бармас,Undirected,Арликин, Финетта,1
Арликин, Гидима, Бармас,Undirected,Бармас,1
Арликин, Гидима, Бармас,Undirected,Гидима, Арликин, Додон, Бармас, Финист, Хабзей,1
Арликин, Гидима, Бармас,Undirected,Гидима, Бармас,1
Арликин, Гидима, Бармас,Undirected,Гидима, Инфимена, Финетта,1
Арликин, Гидима, Бармас,Undirected,Гидима, Критициондиус, Бармас,1
Арликин, Гидима, Бармас,Undirected,ДЕЙСТВИЕ ВТОРОЕ,1
Арликин, Гидима, Бармас,Undirected,ДЕЙСТВИЕ ПЕРВОЕ,1
Арликин, Гидима, Бармас,Undirected,ДЕЙСТВИЕ ТРЕТЬЕ,1
Арликин, Гидима, Бармас,Undirected,Додон, Финист, Арликин, Хабзей,1
Арликин, Гидима, Бармас,Undirected,Дюлиж, Арликин, Критициондиус, Гидима, Хабзей, Валер,1
Арликин, Гидима, Бармас,Undirected,Дюлиж, Арликин, Финетта,1
Арликин, Гидима, Бармас,Undirected,Дюлиж, Критициондиус, Хабзей, Бармас,1
Арликин, Гидима, Бармас,Undirected,Дюлиж, Хабзей, Критициондиус,1
Арликин, Гидима, Бармас,Undirected,Инфимена, Валер, Арликин,1
Арликин, Гидима, Бармас,Undirected,Инфимена, Валер, Гидима, Бармас,1
Арликин, Гидима, Бармас,Undirected,Критициондиус,1
Арликин, Гидима, Бармас,Undirected,Критициондиус, Арликин,1
Арликин, Гидима, Бармас,Undirected,Критициондиус, Дюлиж,1
Арликин, Гидима, Бармас,Undirected,Финетта, Инфимена,1
Арликин, Гидима, Бармас,Undirected,Финетта, Критициондиус,1
Арликин, Гидима, Бармас,Undirected,Хабзей,1
Арликин, Гидима, Бармас,Undirected,Хабзей, Арликин,1
Арликин, Гидима, Бармас,Undirected,Хабзей, Бармас,1
Арликин, Гидима, Бармас,Undirected,Хабзей, Додон, Финист,1
Арликин, Гидима, Бармас,Undirected,ЯВЛЕНИЕ I,1
Арликин, Гидима, Бармас,Undirected,ЯВЛЕНИЕ II,1
Арликин, Гидима, Бармас,Undirected,ЯВЛЕНИЕ III,1
Арликин, Гидима, Бармас,Undirected,ЯВЛЕНИЕ IV,1
Арликин, Гидима, Бармас,Undirected,ЯВЛЕНИЕ IX,1
Арликин, Гидима, Бармас,Undirected,ЯВЛЕНИЕ V,1
Арликин, Гидима, Бармас,Undirected,ЯВЛЕНИЕ VI,1
Арликин, Гидима, Бармас,Undirected,ЯВЛЕНИЕ VII,1
Арликин, Гидима, Бармас,Undirected,ЯВЛЕНИЕ VIII,1
Арликин, Гидима, Бармас,Undirected,ЯВЛЕНИЕ X,1
Арликин, Гидима, Бармас,Undirected,ЯВЛЕНИЕ XI,1
Арликин, Гидима, Бармас,Undirected,ЯВЛЕНИЕ XII,1
Арликин, Гидима, Бармас,Undirected,ЯВЛЕНИЕ XIII,1
Арликин, Гидима, Бармас,Undirected,ЯВЛЕНИЕ ПОСЛЕДНЕЕ,1
Арликин, Дюлиж, Критициондиус,Undirected,Арликин, Критициондиус,1
Арликин, Дюлиж, Критициондиус,Undirected,Арликин, Финетта,1
Арликин, Дюлиж, Критициондиус,Undirected,Бармас,1
Арликин, Дюлиж, Критициондиус,Undirected,Гидима, Арликин, Додон, Бармас, Финист, Хабзей,1
Арликин, Дюлиж, Критициондиус,Undirected,Гидима, Бармас,1
Арликин, Дюлиж, Критициондиус,Undirected,Гидима, Инфимена, Финетта,1
Арликин, Дюлиж, Критициондиус,Undirected,Гидима, Критициондиус, Бармас,1
Арликин, Дюлиж, Критициондиус,Undirected,ДЕЙСТВИЕ ВТОРОЕ,1
Арликин, Дюлиж, Критициондиус,Undirected,ДЕЙСТВИЕ ПЕРВОЕ,1
Арликин, Дюлиж, Критициондиус,Undirected,ДЕЙСТВИЕ ТРЕТЬЕ,1
Арликин, Дюлиж, Критициондиус,Undirected,Додон, Финист, Арликин, Хабзей,1
Арликин, Дюлиж, Критициондиус,Undirected,Дюлиж, Арликин, Критициондиус, Гидима, Хабзей, Валер,1
Арликин, Дюлиж, Критициондиус,Undirected,Дюлиж, Арликин, Финетта,1
Арликин, Дюлиж, Критициондиус,Undirected,Дюлиж, Критициондиус, Хабзей, Бармас,1
Арликин, Дюлиж, Критициондиус,Undirected,Дюлиж, Хабзей, Критициондиус,1
Арликин, Дюлиж, Критициондиус,Undirected,Инфимена, Валер, Арликин,1
Арликин, Дюлиж, Критициондиус,Undirected,Инфимена, Валер, Гидима, Бармас,1
Арликин, Дюлиж, Критициондиус,Undirected,Критициондиус,1
Арликин, Дюлиж, Критициондиус,Undirected,Критициондиус, Арликин,1
Арликин, Дюлиж, Критициондиус,Undirected,Критициондиус, Дюлиж,1
Арликин, Дюлиж, Критициондиус,Undirected,Финетта, Инфимена,1
Арликин, Дюлиж, Критициондиус,Undirected,Финетта, Критициондиус,1
Арликин, Дюлиж, Критициондиус,Undirected,Хабзей,1
Арликин, Дюлиж, Критициондиус,Undirected,Хабзей, Арликин,1
Арликин, Дюлиж, Критициондиус,Undirected,Хабзей, Бармас,1
Арликин, Дюлиж, Критициондиус,Undirected,Хабзей, Додон, Финист,1
Арликин, Дюлиж, Критициондиус,Undirected,ЯВЛЕНИЕ I,1
Арликин, Дюлиж, Критициондиус,Undirected,ЯВЛЕНИЕ II,1
Арликин, Дюлиж, Критициондиус,Undirected,ЯВЛЕНИЕ III,1
Арликин, Дюлиж, Критициондиус,Undirected,ЯВЛЕНИЕ IV,1
Арликин, Дюлиж, Критициондиус,Undirected,ЯВЛЕНИЕ IX,1
Арликин, Дюлиж, Критициондиус,Undirected,ЯВЛЕНИЕ V,1
Арликин, Дюлиж, Критициондиус,Undirected,ЯВЛЕНИЕ VI,1
Арликин, Дюлиж, Критициондиус,Undirected,ЯВЛЕНИЕ VII,1
Арликин, Дюлиж, Критициондиус,Undirected,ЯВЛЕНИЕ VIII,1
Арликин, Дюлиж, Критициондиус,Undirected,ЯВЛЕНИЕ X,1
Арликин, Дюлиж, Критициондиус,Undirected,ЯВЛЕНИЕ XI,1
Арликин, Дюлиж, Критициондиус,Undirected,ЯВЛЕНИЕ XII,1
Арликин, Дюлиж, Критициондиус,Undirected,ЯВЛЕНИЕ XIII,1
Арликин, Дюлиж, Критициондиус,Undirected,ЯВЛЕНИЕ ПОСЛЕДНЕЕ,1
Арликин, Критициондиус,Undirected,Арликин, Финетта,1
Арликин, Критициондиус,Undirected,Бармас,1
Арликин, Критициондиус,Undirected,Гидима, Арликин, Додон, Бармас, Финист, Хабзей,1
Арликин, Критициондиус,Undirected,Гидима, Бармас,1
Арликин, Критициондиус,Undirected,Гидима, Инфимена, Финетта,1
Арликин, Критициондиус,Undirected,Гидима, Критициондиус, Бармас,1
Арликин, Критициондиус,Undirected,ДЕЙСТВИЕ ВТОРОЕ,1
Арликин, Критициондиус,Undirected,ДЕЙСТВИЕ ПЕРВОЕ,1
Арликин, Критициондиус,Undirected,ДЕЙСТВИЕ ТРЕТЬЕ,1
Арликин, Критициондиус,Undirected,Додон, Финист, Арликин, Хабзей,1
Арликин, Критициондиус,Undirected,Дюлиж, Арликин, Критициондиус, Гидима, Хабзей, Валер,1
Арликин, Критициондиус,Undirected,Дюлиж, Арликин, Финетта,1
Арликин, Критициондиус,Undirected,Дюлиж, Критициондиус, Хабзей, Бармас,1
Арликин, Критициондиус,Undirected,Дюлиж, Хабзей, Критициондиус,1
Арликин, Критициондиус,Undirected,Инфимена, Валер, Арликин,1
Арликин, Критициондиус,Undirected,Инфимена, Валер, Гидима, Бармас,1
Арликин, Критициондиус,Undirected,Критициондиус,1
Арликин, Критициондиус,Undirected,Критициондиус, Арликин,1
Арликин, Критициондиус,Undirected,Критициондиус, Дюлиж,1
Арликин, Критициондиус,Undirected,Финетта, Инфимена,1
Арликин, Критициондиус,Undirected,Финетта, Критициондиус,1
Арликин, Критициондиус,Undirected,Хабзей,1
Арликин, Критициондиус,Undirected,Хабзей, Арликин,1
Арликин, Критициондиус,Undirected,Хабзей, Бармас,1
Арликин, Критициондиус,Undirected,Хабзей, Додон, Финист,1
Арликин, Критициондиус,Undirected,ЯВЛЕНИЕ I,1
Арликин, Критициондиус,Undirected,ЯВЛЕНИЕ II,1
Арликин, Критициондиус,Undirected,ЯВЛЕНИЕ III,1
Арликин, Критициондиус,Undirected,ЯВЛЕНИЕ IV,1
Арликин, Критициондиус,Undirected,ЯВЛЕНИЕ IX,1
Арликин, Критициондиус,Undirected,ЯВЛЕНИЕ V,1
Арликин, Критициондиус,Undirected,ЯВЛЕНИЕ VI,1
Арликин, Критициондиус,Undirected,ЯВЛЕНИЕ VII,1
Арликин, Критициондиус,Undirected,ЯВЛЕНИЕ VIII,1
Арликин, Критициондиус,Undirected,ЯВЛЕНИЕ X,1
Арликин, Критициондиус,Undirected,ЯВЛЕНИЕ XI,1
Арликин, Критициондиус,Undirected,ЯВЛЕНИЕ XII,1
Арликин, Критициондиус,Undirected,ЯВЛЕНИЕ XIII,1
Арликин, Критициондиус,Undirected,ЯВЛЕНИЕ ПОСЛЕДНЕЕ,1
Арликин, Финетта,Undirected,Бармас,1
Арликин, Финетта,Undirected,Гидима, Арликин, Додон, Бармас, Финист, Хабзей,1
Арликин, Финетта,Undirected,Гидима, Бармас,1
Арликин, Финетта,Undirected,Гидима, Инфимена, Финетта,1
Арликин, Финетта,Undirected,Гидима, Критициондиус, Бармас,1
Арликин, Финетта,Undirected,ДЕЙСТВИЕ ВТОРОЕ,1
Арликин, Финетта,Undirected,ДЕЙСТВИЕ ПЕРВОЕ,1
Арликин, Финетта,Undirected,ДЕЙСТВИЕ ТРЕТЬЕ,1
Арликин, Финетта,Undirected,Додон, Финист, Арликин, Хабзей,1
Арликин, Финетта,Undirected,Дюлиж, Арликин, Критициондиус, Гидима, Хабзей, Валер,1
Арликин, Финетта,Undirected,Дюлиж, Арликин, Финетта,1
Арликин, Финетта,Undirected,Дюлиж, Критициондиус, Хабзей, Бармас,1
Арликин, Финетта,Undirected,Дюлиж, Хабзей, Критициондиус,1
Арликин, Финетта,Undirected,Инфимена, Валер, Арликин,1
Арликин, Финетта,Undirected,Инфимена, Валер, Гидима, Бармас,1
Арликин, Финетта,Undirected,Критициондиус,1
Арликин, Финетта,Undirected,Критициондиус, Арликин,1
Арликин, Финетта,Undirected,Критициондиус, Дюлиж,1
Арликин, Финетта,Undirected,Финетта, Инфимена,1
Арликин, Финетта,Undirected,Финетта, Критициондиус,1
Арликин, Финетта,Undirected,Хабзей,1
Арликин, Финетта,Undirected,Хабзей, Арликин,1
Арликин, Финетта,Undirected,Хабзей, Бармас,1
Арликин, Финетта,Undirected,Хабзей, Додон, Финист,1
Арликин, Финетта,Undirected,ЯВЛЕНИЕ I,1
Арликин, Финетта,Undirected,ЯВЛЕНИЕ II,1
Арликин, Финетта,Undirected,ЯВЛЕНИЕ III,1
Арликин, Финетта,Undirected,ЯВЛЕНИЕ IV,1
Арликин, Финетта,Undirected,ЯВЛЕНИЕ IX,1
Арликин, Финетта,Undirected,ЯВЛЕНИЕ V,1
Арликин, Финетта,Undirected,ЯВЛЕНИЕ VI,1
Арликин, Финетта,Undirected,ЯВЛЕНИЕ VII,1
Арликин, Финетта,Undirected,ЯВЛЕНИЕ VIII,1
Арликин, Финетта,Undirected,ЯВЛЕНИЕ X,1
Арликин, Финетта,Undirected,ЯВЛЕНИЕ XI,1
Арликин, Финетта,Undirected,ЯВЛЕНИЕ XII,1
Арликин, Финетта,Undirected,ЯВЛЕНИЕ XIII,1
Арликин, Финетта,Undirected,ЯВЛЕНИЕ ПОСЛЕДНЕЕ,1
Арликин,Undirected,Арликин, Гидима, Бармас,1
Арликин,Undirected,Арликин, Дюлиж, Критициондиус,1
Арликин,Undirected,Арликин, Критициондиус,1
Арликин,Undirected,Арликин, Финетта,1
Арликин,Undirected,Бармас,1
Арликин,Undirected,Гидима, Арликин, Додон, Бармас, Финист, Хабзей,1
Арликин,Undirected,Гидима, Бармас,1
Арликин,Undirected,Гидима, Инфимена, Финетта,1
Арликин,Undirected,Гидима, Критициондиус, Бармас,1
Арликин,Undirected,ДЕЙСТВИЕ ВТОРОЕ,1
Арликин,Undirected,ДЕЙСТВИЕ ПЕРВОЕ,1
Арликин,Undirected,ДЕЙСТВИЕ ТРЕТЬЕ,1
Арликин,Undirected,Додон, Финист, Арликин, Хабзей,1
Арликин,Undirected,Дюлиж, Арликин, Критициондиус, Гидима, Хабзей, Валер,1
Арликин,Undirected,Дюлиж, Арликин, Финетта,1
Арликин,Undirected,Дюлиж, Критициондиус, Хабзей, Бармас,1
Арликин,Undirected,Дюлиж, Хабзей, Критициондиус,1
Арликин,Undirected,Инфимена, Валер, Арликин,1
Арликин,Undirected,Инфимена, Валер, Гидима, Бармас,1
Арликин,Undirected,Критициондиус,1
Арликин,Undirected,Критициондиус, Арликин,1
Арликин,Undirected,Критициондиус, Дюлиж,1
Арликин,Undirected,Финетта, Инфимена,1
Арликин,Undirected,Финетта, Критициондиус,1
Арликин,Undirected,Хабзей,1
Арликин,Undirected,Хабзей, Арликин,1
Арликин,Undirected,Хабзей, Бармас,1
Арликин,Undirected,Хабзей, Додон, Финист,1
Арликин,Undirected,ЯВЛЕНИЕ I,1
Арликин,Undirected,ЯВЛЕНИЕ II,1
Арликин,Undirected,ЯВЛЕНИЕ III,1
Арликин,Undirected,ЯВЛЕНИЕ IV,1
Арликин,Undirected,ЯВЛЕНИЕ IX,1
Арликин,Undirected,ЯВЛЕНИЕ V,1
Арликин,Undirected,ЯВЛЕНИЕ VI,1
Арликин,Undirected,ЯВЛЕНИЕ VII,1
Арликин,Undirected,ЯВЛЕНИЕ VIII,1
Арликин,Undirected,ЯВЛЕНИЕ X,1
Арликин,Undirected,ЯВЛЕНИЕ XI,1
Арликин,Undirected,ЯВЛЕНИЕ XII,1
Арликин,Undirected,ЯВЛЕНИЕ XIII,1
Арликин,Undirected,ЯВЛЕНИЕ ПОСЛЕДНЕЕ,1
Бармас,Undirected,Гидима, Арликин, Додон, Бармас, Финист, Хабзей,1
Бармас,Undirected,Гидима, Бармас,1
Бармас,Undirected,Гидима, Инфимена, Финетта,1
Бармас,Undirected,Гидима, Критициондиус, Бармас,1
Бармас,Undirected,ДЕЙСТВИЕ ВТОРОЕ,1
Бармас,Undirected,ДЕЙСТВИЕ ПЕРВОЕ,1
Бармас,Undirected,ДЕЙСТВИЕ ТРЕТЬЕ,1
Бармас,Undirected,Додон, Финист, Арликин, Хабзей,1
Бармас,Undirected,Дюлиж, Арликин, Критициондиус, Гидима, Хабзей, Валер,1
Бармас,Undirected,Дюлиж, Арликин, Финетта,1
Бармас,Undirected,Дюлиж, Критициондиус, Хабзей, Бармас,1
Бармас,Undirected,Дюлиж, Хабзей, Критициондиус,1
Бармас,Undirected,Инфимена, Валер, Арликин,1
Бармас,Undirected,Инфимена, Валер, Гидима, Бармас,1
Бармас,Undirected,Критициондиус,1
Бармас,Undirected,Критициондиус, Арликин,1
Бармас,Undirected,Критициондиус, Дюлиж,1
Бармас,Undirected,Финетта, Инфимена,1
Бармас,Undirected,Финетта, Критициондиус,1
Бармас,Undirected,Хабзей,1
Бармас,Undirected,Хабзей, Арликин,1
Бармас,Undirected,Хабзей, Бармас,1
Бармас,Undirected,Хабзей, Додон, Финист,1
Бармас,Undirected,ЯВЛЕНИЕ I,1
Бармас,Undirected,ЯВЛЕНИЕ II,1
Бармас,Undirected,ЯВЛЕНИЕ III,1
Бармас,Undirected,ЯВЛЕНИЕ IV,1
Бармас,Undirected,ЯВЛЕНИЕ IX,1
Бармас,Undirected,ЯВЛЕНИЕ V,1
Бармас,Undirected,ЯВЛЕНИЕ VI,1
Бармас,Undirected,ЯВЛЕНИЕ VII,1
Бармас,Undirected,ЯВЛЕНИЕ VIII,1
Бармас,Undirected,ЯВЛЕНИЕ X,1
Бармас,Undirected,ЯВЛЕНИЕ XI,1
Бармас,Undirected,ЯВЛЕНИЕ XII,1
Бармас,Undirected,ЯВЛЕНИЕ XIII,1
Бармас,Undirected,ЯВЛЕНИЕ ПОСЛЕДНЕЕ,1
Гидима, Арликин, Додон, Бармас, Финист, Хабзей,Undirected,Гидима, Бармас,1
Гидима, Арликин, Додон, Бармас, Финист, Хабзей,Undirected,Гидима, Инфимена, Финетта,1
Гидима, Арликин, Додон, Бармас, Финист, Хабзей,Undirected,Гидима, Критициондиус, Бармас,1
Гидима, Арликин, Додон, Бармас, Финист, Хабзей,Undirected,ДЕЙСТВИЕ ВТОРОЕ,1
Гидима, Арликин, Додон, Бармас, Финист, Хабзей,Undirected,ДЕЙСТВИЕ ПЕРВОЕ,1
Гидима, Арликин, Додон, Бармас, Финист, Хабзей,Undirected,ДЕЙСТВИЕ ТРЕТЬЕ,1
Гидима, Арликин, Додон, Бармас, Финист, Хабзей,Undirected,Додон, Финист, Арликин, Хабзей,1
Гидима, Арликин, Додон, Бармас, Финист, Хабзей,Undirected,Дюлиж, Арликин, Критициондиус, Гидима, Хабзей, Валер,1
Гидима, Арликин, Додон, Бармас, Финист, Хабзей,Undirected,Дюлиж, Арликин, Финетта,1
Гидима, Арликин, Додон, Бармас, Финист, Хабзей,Undirected,Дюлиж, Критициондиус, Хабзей, Бармас,1
Гидима, Арликин, Додон, Бармас, Финист, Хабзей,Undirected,Дюлиж, Хабзей, Критициондиус,1
Гидима, Арликин, Додон, Бармас, Финист, Хабзей,Undirected,Инфимена, Валер, Арликин,1
Гидима, Арликин, Додон, Бармас, Финист, Хабзей,Undirected,Инфимена, Валер, Гидима, Бармас,1
Гидима, Арликин, Додон, Бармас, Финист, Хабзей,Undirected,Критициондиус,1
Гидима, Арликин, Додон, Бармас, Финист, Хабзей,Undirected,Критициондиус, Арликин,1
Гидима, Арликин, Додон, Бармас, Финист, Хабзей,Undirected,Критициондиус, Дюлиж,1
Гидима, Арликин, Додон, Бармас, Финист, Хабзей,Undirected,Финетта, Инфимена,1
Гидима, Арликин, Додон, Бармас, Финист, Хабзей,Undirected,Финетта, Критициондиус,1
Гидима, Арликин, Додон, Бармас, Финист, Хабзей,Undirected,Хабзей,1
Гидима, Арликин, Додон, Бармас, Финист, Хабзей,Undirected,Хабзей, Арликин,1
Гидима, Арликин, Додон, Бармас, Финист, Хабзей,Undirected,Хабзей, Бармас,1
Гидима, Арликин, Додон, Бармас, Финист, Хабзей,Undirected,Хабзей, Додон, Финист,1
Гидима, Арликин, Додон, Бармас, Финист, Хабзей,Undirected,ЯВЛЕНИЕ I,1
Гидима, Арликин, Додон, Бармас, Финист, Хабзей,Undirected,ЯВЛЕНИЕ II,1
Гидима, Арликин, Додон, Бармас, Финист, Хабзей,Undirected,ЯВЛЕНИЕ III,1
Гидима, Арликин, Додон, Бармас, Финист, Хабзей,Undirected,ЯВЛЕНИЕ IV,1
Гидима, Арликин, Додон, Бармас, Финист, Хабзей,Undirected,ЯВЛЕНИЕ IX,1
Гидима, Арликин, Додон, Бармас, Финист, Хабзей,Undirected,ЯВЛЕНИЕ V,1
Гидима, Арликин, Додон, Бармас, Финист, Хабзей,Undirected,ЯВЛЕНИЕ VI,1
Гидима, Арликин, Додон, Бармас, Финист, Хабзей,Undirected,ЯВЛЕНИЕ VII,1
Гидима, Арликин, Додон, Бармас, Финист, Хабзей,Undirected,ЯВЛЕНИЕ VIII,1
Гидима, Арликин, Додон, Бармас, Финист, Хабзей,Undirected,ЯВЛЕНИЕ X,1
Гидима, Арликин, Додон, Бармас, Финист, Хабзей,Undirected,ЯВЛЕНИЕ XI,1
Гидима, Арликин, Додон, Бармас, Финист, Хабзей,Undirected,ЯВЛЕНИЕ XII,1
Гидима, Арликин, Додон, Бармас, Финист, Хабзей,Undirected,ЯВЛЕНИЕ XIII,1
Гидима, Арликин, Додон, Бармас, Финист, Хабзей,Undirected,ЯВЛЕНИЕ ПОСЛЕДНЕЕ,1
Гидима, Бармас,Undirected,Гидима, Инфимена, Финетта,1
Гидима, Бармас,Undirected,Гидима, Критициондиус, Бармас,1
Гидима, Бармас,Undirected,ДЕЙСТВИЕ ВТОРОЕ,1
Гидима, Бармас,Undirected,ДЕЙСТВИЕ ПЕРВОЕ,1
Гидима, Бармас,Undirected,ДЕЙСТВИЕ ТРЕТЬЕ,1
Гидима, Бармас,Undirected,Додон, Финист, Арликин, Хабзей,1
Гидима, Бармас,Undirected,Дюлиж, Арликин, Критициондиус, Гидима, Хабзей, Валер,1
Гидима, Бармас,Undirected,Дюлиж, Арликин, Финетта,1
Гидима, Бармас,Undirected,Дюлиж, Критициондиус, Хабзей, Бармас,1
Гидима, Бармас,Undirected,Дюлиж, Хабзей, Критициондиус,1
Гидима, Бармас,Undirected,Инфимена, Валер, Арликин,1
Гидима, Бармас,Undirected,Инфимена, Валер, Гидима, Бармас,1
Гидима, Бармас,Undirected,Критициондиус,1
Гидима, Бармас,Undirected,Критициондиус, Арликин,1
Гидима, Бармас,Undirected,Критициондиус, Дюлиж,1
Гидима, Бармас,Undirected,Финетта, Инфимена,1
Гидима, Бармас,Undirected,Финетта, Критициондиус,1
Гидима, Бармас,Undirected,Хабзей,1
Гидима, Бармас,Undirected,Хабзей, Арликин,1
Гидима, Бармас,Undirected,Хабзей, Бармас,1
Гидима, Бармас,Undirected,Хабзей, Додон, Финист,1
Гидима, Бармас,Undirected,ЯВЛЕНИЕ I,1
Гидима, Бармас,Undirected,ЯВЛЕНИЕ II,1
Гидима, Бармас,Undirected,ЯВЛЕНИЕ III,1
Гидима, Бармас,Undirected,ЯВЛЕНИЕ IV,1
Гидима, Бармас,Undirected,ЯВЛЕНИЕ IX,1
Гидима, Бармас,Undirected,ЯВЛЕНИЕ V,1
Гидима, Бармас,Undirected,ЯВЛЕНИЕ VI,1
Гидима, Бармас,Undirected,ЯВЛЕНИЕ VII,1
Гидима, Бармас,Undirected,ЯВЛЕНИЕ VIII,1
Гидима, Бармас,Undirected,ЯВЛЕНИЕ X,1
Гидима, Бармас,Undirected,ЯВЛЕНИЕ XI,1
Гидима, Бармас,Undirected,ЯВЛЕНИЕ XII,1
Гидима, Бармас,Undirected,ЯВЛЕНИЕ XIII,1
Гидима, Бармас,Undirected,ЯВЛЕНИЕ ПОСЛЕДНЕЕ,1
Гидима, Инфимена, Финетта,Undirected,Гидима, Критициондиус, Бармас,1
Гидима, Инфимена, Финетта,Undirected,ДЕЙСТВИЕ ВТОРОЕ,1
Гидима, Инфимена, Финетта,Undirected,ДЕЙСТВИЕ ПЕРВОЕ,1
Гидима, Инфимена, Финетта,Undirected,ДЕЙСТВИЕ ТРЕТЬЕ,1
Гидима, Инфимена, Финетта,Undirected,Додон, Финист, Арликин, Хабзей,1
Гидима, Инфимена, Финетта,Undirected,Дюлиж, Арликин, Критициондиус, Гидима, Хабзей, Валер,1
Гидима, Инфимена, Финетта,Undirected,Дюлиж, Арликин, Финетта,1
Гидима, Инфимена, Финетта,Undirected,Дюлиж, Критициондиус, Хабзей, Бармас,1
Гидима, Инфимена, Финетта,Undirected,Дюлиж, Хабзей, Критициондиус,1
Гидима, Инфимена, Финетта,Undirected,Инфимена, Валер, Арликин,1
Гидима, Инфимена, Финетта,Undirected,Инфимена, Валер, Гидима, Бармас,1
Гидима, Инфимена, Финетта,Undirected,Критициондиус,1
Гидима, Инфимена, Финетта,Undirected,Критициондиус, Арликин,1
Гидима, Инфимена, Финетта,Undirected,Критициондиус, Дюлиж,1
Гидима, Инфимена, Финетта,Undirected,Финетта, Инфимена,1
Гидима, Инфимена, Финетта,Undirected,Финетта, Критициондиус,1
Гидима, Инфимена, Финетта,Undirected,Хабзей,1
Гидима, Инфимена, Финетта,Undirected,Хабзей, Арликин,1
Гидима, Инфимена, Финетта,Undirected,Хабзей, Бармас,1
Гидима, Инфимена, Финетта,Undirected,Хабзей, Додон, Финист,1
Гидима, Инфимена, Финетта,Undirected,ЯВЛЕНИЕ I,1
Гидима, Инфимена, Финетта,Undirected,ЯВЛЕНИЕ II,1
Гидима, Инфимена, Финетта,Undirected,ЯВЛЕНИЕ III,1
Гидима, Инфимена, Финетта,Undirected,ЯВЛЕНИЕ IV,1
Гидима, Инфимена, Финетта,Undirected,ЯВЛЕНИЕ IX,1
Гидима, Инфимена, Финетта,Undirected,ЯВЛЕНИЕ V,1
Гидима, Инфимена, Финетта,Undirected,ЯВЛЕНИЕ VI,1
Гидима, Инфимена, Финетта,Undirected,ЯВЛЕНИЕ VII,1
Гидима, Инфимена, Финетта,Undirected,ЯВЛЕНИЕ VIII,1
Гидима, Инфимена, Финетта,Undirected,ЯВЛЕНИЕ X,1
Гидима, Инфимена, Финетта,Undirected,ЯВЛЕНИЕ XI,1
Гидима, Инфимена, Финетта,Undirected,ЯВЛЕНИЕ XII,1
Гидима, Инфимена, Финетта,Undirected,ЯВЛЕНИЕ XIII,1
Гидима, Инфимена, Финетта,Undirected,ЯВЛЕНИЕ ПОСЛЕДНЕЕ,1
Гидима, Критициондиус, Бармас,Undirected,ДЕЙСТВИЕ ВТОРОЕ,1
Гидима, Критициондиус, Бармас,Undirected,ДЕЙСТВИЕ ПЕРВОЕ,1
Гидима, Критициондиус, Бармас,Undirected,ДЕЙСТВИЕ ТРЕТЬЕ,1
Гидима, Критициондиус, Бармас,Undirected,Додон, Финист, Арликин, Хабзей,1
Гидима, Критициондиус, Бармас,Undirected,Дюлиж, Арликин, Критициондиус, Гидима, Хабзей, Валер,1
Гидима, Критициондиус, Бармас,Undirected,Дюлиж, Арликин, Финетта,1
Гидима, Критициондиус, Бармас,Undirected,Дюлиж, Критициондиус, Хабзей, Бармас,1
Гидима, Критициондиус, Бармас,Undirected,Дюлиж, Хабзей, Критициондиус,1
Гидима, Критициондиус, Бармас,Undirected,Инфимена, Валер, Арликин,1
Гидима, Критициондиус, Бармас,Undirected,Инфимена, Валер, Гидима, Бармас,1
Гидима, Критициондиус, Бармас,Undirected,Критициондиус,1
Гидима, Критициондиус, Бармас,Undirected,Критициондиус, Арликин,1
Гидима, Критициондиус, Бармас,Undirected,Критициондиус, Дюлиж,1
Гидима, Критициондиус, Бармас,Undirected,Финетта, Инфимена,1
Гидима, Критициондиус, Бармас,Undirected,Финетта, Критициондиус,1
Гидима, Критициондиус, Бармас,Undirected,Хабзей,1
Гидима, Критициондиус, Бармас,Undirected,Хабзей, Арликин,1
Гидима, Критициондиус, Бармас,Undirected,Хабзей, Бармас,1
Гидима, Критициондиус, Бармас,Undirected,Хабзей, Додон, Финист,1
Гидима, Критициондиус, Бармас,Undirected,ЯВЛЕНИЕ I,1
Гидима, Критициондиус, Бармас,Undirected,ЯВЛЕНИЕ II,1
Гидима, Критициондиус, Бармас,Undirected,ЯВЛЕНИЕ III,1
Гидима, Критициондиус, Бармас,Undirected,ЯВЛЕНИЕ IV,1
Гидима, Критициондиус, Бармас,Undirected,ЯВЛЕНИЕ IX,1
Гидима, Критициондиус, Бармас,Undirected,ЯВЛЕНИЕ V,1
Гидима, Критициондиус, Бармас,Undirected,ЯВЛЕНИЕ VI,1
Гидима, Критициондиус, Бармас,Undirected,ЯВЛЕНИЕ VII,1
Гидима, Критициондиус, Бармас,Undirected,ЯВЛЕНИЕ VIII,1
Гидима, Критициондиус, Бармас,Undirected,ЯВЛЕНИЕ X,1
Гидима, Критициондиус, Бармас,Undirected,ЯВЛЕНИЕ XI,1
Гидима, Критициондиус, Бармас,Undirected,ЯВЛЕНИЕ XII,1
Гидима, Критициондиус, Бармас,Undirected,ЯВЛЕНИЕ XIII,1
Гидима, Критициондиус, Бармас,Undirected,ЯВЛЕНИЕ ПОСЛЕДНЕЕ,1
ДЕЙСТВИЕ ВТОРОЕ,Undirected,ДЕЙСТВИЕ ПЕРВОЕ,1
ДЕЙСТВИЕ ВТОРОЕ,Undirected,ДЕЙСТВИЕ ТРЕТЬЕ,1
ДЕЙСТВИЕ ВТОРОЕ,Undirected,Додон, Финист, Арликин, Хабзей,1
ДЕЙСТВИЕ ВТОРОЕ,Undirected,Дюлиж, Арликин, Критициондиус, Гидима, Хабзей, Валер,1
ДЕЙСТВИЕ ВТОРОЕ,Undirected,Дюлиж, Арликин, Финетта,1
ДЕЙСТВИЕ ВТОРОЕ,Undirected,Дюлиж, Критициондиус, Хабзей, Бармас,1
ДЕЙСТВИЕ ВТОРОЕ,Undirected,Дюлиж, Хабзей, Критициондиус,1
ДЕЙСТВИЕ ВТОРОЕ,Undirected,Инфимена, Валер, Арликин,1
ДЕЙСТВИЕ ВТОРОЕ,Undirected,Инфимена, Валер, Гидима, Бармас,1
ДЕЙСТВИЕ ВТОРОЕ,Undirected,Критициондиус,1
ДЕЙСТВИЕ ВТОРОЕ,Undirected,Критициондиус, Арликин,1
ДЕЙСТВИЕ ВТОРОЕ,Undirected,Критициондиус, Дюлиж,1
ДЕЙСТВИЕ ВТОРОЕ,Undirected,Финетта, Инфимена,1
ДЕЙСТВИЕ ВТОРОЕ,Undirected,Финетта, Критициондиус,1
ДЕЙСТВИЕ ВТОРОЕ,Undirected,Хабзей,1
ДЕЙСТВИЕ ВТОРОЕ,Undirected,Хабзей, Арликин,1
ДЕЙСТВИЕ ВТОРОЕ,Undirected,Хабзей, Бармас,1
ДЕЙСТВИЕ ВТОРОЕ,Undirected,Хабзей, Додон, Финист,1
ДЕЙСТВИЕ ВТОРОЕ,Undirected,ЯВЛЕНИЕ I,1
ДЕЙСТВИЕ ВТОРОЕ,Undirected,ЯВЛЕНИЕ II,1
ДЕЙСТВИЕ ВТОРОЕ,Undirected,ЯВЛЕНИЕ III,1
ДЕЙСТВИЕ ВТОРОЕ,Undirected,ЯВЛЕНИЕ IV,1
ДЕЙСТВИЕ ВТОРОЕ,Undirected,ЯВЛЕНИЕ IX,1
ДЕЙСТВИЕ ВТОРОЕ,Undirected,ЯВЛЕНИЕ V,1
ДЕЙСТВИЕ ВТОРОЕ,Undirected,ЯВЛЕНИЕ VI,1
ДЕЙСТВИЕ ВТОРОЕ,Undirected,ЯВЛЕНИЕ VII,1
ДЕЙСТВИЕ ВТОРОЕ,Undirected,ЯВЛЕНИЕ VIII,1
ДЕЙСТВИЕ ВТОРОЕ,Undirected,ЯВЛЕНИЕ X,1
ДЕЙСТВИЕ ВТОРОЕ,Undirected,ЯВЛЕНИЕ XI,1
ДЕЙСТВИЕ ВТОРОЕ,Undirected,ЯВЛЕНИЕ XII,1
ДЕЙСТВИЕ ВТОРОЕ,Undirected,ЯВЛЕНИЕ XIII,1
ДЕЙСТВИЕ ВТОРОЕ,Undirected,ЯВЛЕНИЕ ПОСЛЕДНЕЕ,1
ДЕЙСТВИЕ ПЕРВОЕ,Undirected,ДЕЙСТВИЕ ТРЕТЬЕ,1
ДЕЙСТВИЕ ПЕРВОЕ,Undirected,Додон, Финист, Арликин, Хабзей,1
ДЕЙСТВИЕ ПЕРВОЕ,Undirected,Дюлиж, Арликин, Критициондиус, Гидима, Хабзей, Валер,1
ДЕЙСТВИЕ ПЕРВОЕ,Undirected,Дюлиж, Арликин, Финетта,1
ДЕЙСТВИЕ ПЕРВОЕ,Undirected,Дюлиж, Критициондиус, Хабзей, Бармас,1
ДЕЙСТВИЕ ПЕРВОЕ,Undirected,Дюлиж, Хабзей, Критициондиус,1
ДЕЙСТВИЕ ПЕРВОЕ,Undirected,Инфимена, Валер, Арликин,1
ДЕЙСТВИЕ ПЕРВОЕ,Undirected,Инфимена, Валер, Гидима, Бармас,1
ДЕЙСТВИЕ ПЕРВОЕ,Undirected,Критициондиус,1
ДЕЙСТВИЕ ПЕРВОЕ,Undirected,Критициондиус, Арликин,1
ДЕЙСТВИЕ ПЕРВОЕ,Undirected,Критициондиус, Дюлиж,1
ДЕЙСТВИЕ ПЕРВОЕ,Undirected,Финетта, Инфимена,1
ДЕЙСТВИЕ ПЕРВОЕ,Undirected,Финетта, Критициондиус,1
ДЕЙСТВИЕ ПЕРВОЕ,Undirected,Хабзей,1
ДЕЙСТВИЕ ПЕРВОЕ,Undirected,Хабзей, Арликин,1
ДЕЙСТВИЕ ПЕРВОЕ,Undirected,Хабзей, Бармас,1
ДЕЙСТВИЕ ПЕРВОЕ,Undirected,Хабзей, Додон, Финист,1
ДЕЙСТВИЕ ПЕРВОЕ,Undirected,ЯВЛЕНИЕ I,1
ДЕЙСТВИЕ ПЕРВОЕ,Undirected,ЯВЛЕНИЕ II,1
ДЕЙСТВИЕ ПЕРВОЕ,Undirected,ЯВЛЕНИЕ III,1
ДЕЙСТВИЕ ПЕРВОЕ,Undirected,ЯВЛЕНИЕ IV,1
ДЕЙСТВИЕ ПЕРВОЕ,Undirected,ЯВЛЕНИЕ IX,1
ДЕЙСТВИЕ ПЕРВОЕ,Undirected,ЯВЛЕНИЕ V,1
ДЕЙСТВИЕ ПЕРВОЕ,Undirected,ЯВЛЕНИЕ VI,1
ДЕЙСТВИЕ ПЕРВОЕ,Undirected,ЯВЛЕНИЕ VII,1
ДЕЙСТВИЕ ПЕРВОЕ,Undirected,ЯВЛЕНИЕ VIII,1
ДЕЙСТВИЕ ПЕРВОЕ,Undirected,ЯВЛЕНИЕ X,1
ДЕЙСТВИЕ ПЕРВОЕ,Undirected,ЯВЛЕНИЕ XI,1
ДЕЙСТВИЕ ПЕРВОЕ,Undirected,ЯВЛЕНИЕ XII,1
ДЕЙСТВИЕ ПЕРВОЕ,Undirected,ЯВЛЕНИЕ XIII,1
ДЕЙСТВИЕ ПЕРВОЕ,Undirected,ЯВЛЕНИЕ ПОСЛЕДНЕЕ,1
ДЕЙСТВИЕ ТРЕТЬЕ,Undirected,Додон, Финист, Арликин, Хабзей,1
ДЕЙСТВИЕ ТРЕТЬЕ,Undirected,Дюлиж, Арликин, Критициондиус, Гидима, Хабзей, Валер,1
ДЕЙСТВИЕ ТРЕТЬЕ,Undirected,Дюлиж, Арликин, Финетта,1
ДЕЙСТВИЕ ТРЕТЬЕ,Undirected,Дюлиж, Критициондиус, Хабзей, Бармас,1
ДЕЙСТВИЕ ТРЕТЬЕ,Undirected,Дюлиж, Хабзей, Критициондиус,1
ДЕЙСТВИЕ ТРЕТЬЕ,Undirected,Инфимена, Валер, Арликин,1
ДЕЙСТВИЕ ТРЕТЬЕ,Undirected,Инфимена, Валер, Гидима, Бармас,1
ДЕЙСТВИЕ ТРЕТЬЕ,Undirected,Критициондиус,1
ДЕЙСТВИЕ ТРЕТЬЕ,Undirected,Критициондиус, Арликин,1
ДЕЙСТВИЕ ТРЕТЬЕ,Undirected,Критициондиус, Дюлиж,1
ДЕЙСТВИЕ ТРЕТЬЕ,Undirected,Финетта, Инфимена,1
ДЕЙСТВИЕ ТРЕТЬЕ,Undirected,Финетта, Критициондиус,1
ДЕЙСТВИЕ ТРЕТЬЕ,Undirected,Хабзей,1
ДЕЙСТВИЕ ТРЕТЬЕ,Undirected,Хабзей, Арликин,1
ДЕЙСТВИЕ ТРЕТЬЕ,Undirected,Хабзей, Бармас,1
ДЕЙСТВИЕ ТРЕТЬЕ,Undirected,Хабзей, Додон, Финист,1
ДЕЙСТВИЕ ТРЕТЬЕ,Undirected,ЯВЛЕНИЕ I,1
ДЕЙСТВИЕ ТРЕТЬЕ,Undirected,ЯВЛЕНИЕ II,1
ДЕЙСТВИЕ ТРЕТЬЕ,Undirected,ЯВЛЕНИЕ III,1
ДЕЙСТВИЕ ТРЕТЬЕ,Undirected,ЯВЛЕНИЕ IV,1
ДЕЙСТВИЕ ТРЕТЬЕ,Undirected,ЯВЛЕНИЕ IX,1
ДЕЙСТВИЕ ТРЕТЬЕ,Undirected,ЯВЛЕНИЕ V,1
ДЕЙСТВИЕ ТРЕТЬЕ,Undirected,ЯВЛЕНИЕ VI,1
ДЕЙСТВИЕ ТРЕТЬЕ,Undirected,ЯВЛЕНИЕ VII,1
ДЕЙСТВИЕ ТРЕТЬЕ,Undirected,ЯВЛЕНИЕ VIII,1
ДЕЙСТВИЕ ТРЕТЬЕ,Undirected,ЯВЛЕНИЕ X,1
ДЕЙСТВИЕ ТРЕТЬЕ,Undirected,ЯВЛЕНИЕ XI,1
ДЕЙСТВИЕ ТРЕТЬЕ,Undirected,ЯВЛЕНИЕ XII,1
ДЕЙСТВИЕ ТРЕТЬЕ,Undirected,ЯВЛЕНИЕ XIII,1
ДЕЙСТВИЕ ТРЕТЬЕ,Undirected,ЯВЛЕНИЕ ПОСЛЕДНЕЕ,1
Додон, Финист, Арликин, Хабзей,Undirected,Дюлиж, Арликин, Критициондиус, Гидима, Хабзей, Валер,1
Додон, Финист, Арликин, Хабзей,Undirected,Дюлиж, Арликин, Финетта,1
Додон, Финист, Арликин, Хабзей,Undirected,Дюлиж, Критициондиус, Хабзей, Бармас,1
Додон, Финист, Арликин, Хабзей,Undirected,Дюлиж, Хабзей, Критициондиус,1
Додон, Финист, Арликин, Хабзей,Undirected,Инфимена, Валер, Арликин,1
Додон, Финист, Арликин, Хабзей,Undirected,Инфимена, Валер, Гидима, Бармас,1
Додон, Финист, Арликин, Хабзей,Undirected,Критициондиус,1
Додон, Финист, Арликин, Хабзей,Undirected,Критициондиус, Арликин,1
Додон, Финист, Арликин, Хабзей,Undirected,Критициондиус, Дюлиж,1
Додон, Финист, Арликин, Хабзей,Undirected,Финетта, Инфимена,1
Додон, Финист, Арликин, Хабзей,Undirected,Финетта, Критициондиус,1
Додон, Финист, Арликин, Хабзей,Undirected,Хабзей,1
Додон, Финист, Арликин, Хабзей,Undirected,Хабзей, Арликин,1
Додон, Финист, Арликин, Хабзей,Undirected,Хабзей, Бармас,1
Додон, Финист, Арликин, Хабзей,Undirected,Хабзей, Додон, Финист,1
Додон, Финист, Арликин, Хабзей,Undirected,ЯВЛЕНИЕ I,1
Додон, Финист, Арликин, Хабзей,Undirected,ЯВЛЕНИЕ II,1
Додон, Финист, Арликин, Хабзей,Undirected,ЯВЛЕНИЕ III,1
Додон, Финист, Арликин, Хабзей,Undirected,ЯВЛЕНИЕ IV,1
Додон, Финист, Арликин, Хабзей,Undirected,ЯВЛЕНИЕ IX,1
Додон, Финист, Арликин, Хабзей,Undirected,ЯВЛЕНИЕ V,1
Додон, Финист, Арликин, Хабзей,Undirected,ЯВЛЕНИЕ VI,1
Додон, Финист, Арликин, Хабзей,Undirected,ЯВЛЕНИЕ VII,1
Додон, Финист, Арликин, Хабзей,Undirected,ЯВЛЕНИЕ VIII,1
Додон, Финист, Арликин, Хабзей,Undirected,ЯВЛЕНИЕ X,1
Додон, Финист, Арликин, Хабзей,Undirected,ЯВЛЕНИЕ XI,1
Додон, Финист, Арликин, Хабзей,Undirected,ЯВЛЕНИЕ XII,1
Додон, Финист, Арликин, Хабзей,Undirected,ЯВЛЕНИЕ XIII,1
Додон, Финист, Арликин, Хабзей,Undirected,ЯВЛЕНИЕ ПОСЛЕДНЕЕ,1
Дюлиж, Арликин, Критициондиус, Гидима, Хабзей, Валер,Undirected,Дюлиж, Арликин, Финетта,1
Дюлиж, Арликин, Критициондиус, Гидима, Хабзей, Валер,Undirected,Дюлиж, Критициондиус, Хабзей, Бармас,1
Дюлиж, Арликин, Критициондиус, Гидима, Хабзей, Валер,Undirected,Дюлиж, Хабзей, Критициондиус,1
Дюлиж, Арликин, Критициондиус, Гидима, Хабзей, Валер,Undirected,Инфимена, Валер, Арликин,1
Дюлиж, Арликин, Критициондиус, Гидима, Хабзей, Валер,Undirected,Инфимена, Валер, Гидима, Бармас,1
Дюлиж, Арликин, Критициондиус, Гидима, Хабзей, Валер,Undirected,Критициондиус,1
Дюлиж, Арликин, Критициондиус, Гидима, Хабзей, Валер,Undirected,Критициондиус, Арликин,1
Дюлиж, Арликин, Критициондиус, Гидима, Хабзей, Валер,Undirected,Критициондиус, Дюлиж,1
Дюлиж, Арликин, Критициондиус, Гидима, Хабзей, Валер,Undirected,Финетта, Инфимена,1
Дюлиж, Арликин, Критициондиус, Гидима, Хабзей, Валер,Undirected,Финетта, Критициондиус,1
Дюлиж, Арликин, Критициондиус, Гидима, Хабзей, Валер,Undirected,Хабзей,1
Дюлиж, Арликин, Критициондиус, Гидима, Хабзей, Валер,Undirected,Хабзей, Арликин,1
Дюлиж, Арликин, Критициондиус, Гидима, Хабзей, Валер,Undirected,Хабзей, Бармас,1
Дюлиж, Арликин, Критициондиус, Гидима, Хабзей, Валер,Undirected,Хабзей, Додон, Финист,1
Дюлиж, Арликин, Критициондиус, Гидима, Хабзей, Валер,Undirected,ЯВЛЕНИЕ I,1
Дюлиж, Арликин, Критициондиус, Гидима, Хабзей, Валер,Undirected,ЯВЛЕНИЕ II,1
Дюлиж, Арликин, Критициондиус, Гидима, Хабзей, Валер,Undirected,ЯВЛЕНИЕ III,1
Дюлиж, Арликин, Критициондиус, Гидима, Хабзей, Валер,Undirected,ЯВЛЕНИЕ IV,1
Дюлиж, Арликин, Критициондиус, Гидима, Хабзей, Валер,Undirected,ЯВЛЕНИЕ IX,1
Дюлиж, Арликин, Критициондиус, Гидима, Хабзей, Валер,Undirected,ЯВЛЕНИЕ V,1
Дюлиж, Арликин, Критициондиус, Гидима, Хабзей, Валер,Undirected,ЯВЛЕНИЕ VI,1
Дюлиж, Арликин, Критициондиус, Гидима, Хабзей, Валер,Undirected,ЯВЛЕНИЕ VII,1
Дюлиж, Арликин, Критициондиус, Гидима, Хабзей, Валер,Undirected,ЯВЛЕНИЕ VIII,1
Дюлиж, Арликин, Критициондиус, Гидима, Хабзей, Валер,Undirected,ЯВЛЕНИЕ X,1
Дюлиж, Арликин, Критициондиус, Гидима, Хабзей, Валер,Undirected,ЯВЛЕНИЕ XI,1
Дюлиж, Арликин, Критициондиус, Гидима, Хабзей, Валер,Undirected,ЯВЛЕНИЕ XII,1
Дюлиж, Арликин, Критициондиус, Гидима, Хабзей, Валер,Undirected,ЯВЛЕНИЕ XIII,1
Дюлиж, Арликин, Критициондиус, Гидима, Хабзей, Валер,Undirected,ЯВЛЕНИЕ ПОСЛЕДНЕЕ,1
Дюлиж, Арликин, Финетта,Undirected,Дюлиж, Критициондиус, Хабзей, Бармас,1
Дюлиж, Арликин, Финетта,Undirected,Дюлиж, Хабзей, Критициондиус,1
Дюлиж, Арликин, Финетта,Undirected,Инфимена, Валер, Арликин,1
Дюлиж, Арликин, Финетта,Undirected,Инфимена, Валер, Гидима, Бармас,1
Дюлиж, Арликин, Финетта,Undirected,Критициондиус,1
Дюлиж, Арликин, Финетта,Undirected,Критициондиус, Арликин,1
Дюлиж, Арликин, Финетта,Undirected,Критициондиус, Дюлиж,1
Дюлиж, Арликин, Финетта,Undirected,Финетта, Инфимена,1
Дюлиж, Арликин, Финетта,Undirected,Финетта, Критициондиус,1
Дюлиж, Арликин, Финетта,Undirected,Хабзей,1
Дюлиж, Арликин, Финетта,Undirected,Хабзей, Арликин,1
Дюлиж, Арликин, Финетта,Undirected,Хабзей, Бармас,1
Дюлиж, Арликин, Финетта,Undirected,Хабзей, Додон, Финист,1
Дюлиж, Арликин, Финетта,Undirected,ЯВЛЕНИЕ I,1
Дюлиж, Арликин, Финетта,Undirected,ЯВЛЕНИЕ II,1
Дюлиж, Арликин, Финетта,Undirected,ЯВЛЕНИЕ III,1
Дюлиж, Арликин, Финетта,Undirected,ЯВЛЕНИЕ IV,1
Дюлиж, Арликин, Финетта,Undirected,ЯВЛЕНИЕ IX,1
Дюлиж, Арликин, Финетта,Undirected,ЯВЛЕНИЕ V,1
Дюлиж, Арликин, Финетта,Undirected,ЯВЛЕНИЕ VI,1
Дюлиж, Арликин, Финетта,Undirected,ЯВЛЕНИЕ VII,1
Дюлиж, Арликин, Финетта,Undirected,ЯВЛЕНИЕ VIII,1
Дюлиж, Арликин, Финетта,Undirected,ЯВЛЕНИЕ X,1
Дюлиж, Арликин, Финетта,Undirected,ЯВЛЕНИЕ XI,1
Дюлиж, Арликин, Финетта,Undirected,ЯВЛЕНИЕ XII,1
Дюлиж, Арликин, Финетта,Undirected,ЯВЛЕНИЕ XIII,1
Дюлиж, Арликин, Финетта,Undirected,ЯВЛЕНИЕ ПОСЛЕДНЕЕ,1
Дюлиж, Критициондиус, Хабзей, Бармас,Undirected,Дюлиж, Хабзей, Критициондиус,1
Дюлиж, Критициондиус, Хабзей, Бармас,Undirected,Инфимена, Валер, Арликин,1
Дюлиж, Критициондиус, Хабзей, Бармас,Undirected,Инфимена, Валер, Гидима, Бармас,1
Дюлиж, Критициондиус, Хабзей, Бармас,Undirected,Критициондиус,1
Дюлиж, Критициондиус, Хабзей, Бармас,Undirected,Критициондиус, Арликин,1
Дюлиж, Критициондиус, Хабзей, Бармас,Undirected,Критициондиус, Дюлиж,1
Дюлиж, Критициондиус, Хабзей, Бармас,Undirected,Финетта, Инфимена,1
Дюлиж, Критициондиус, Хабзей, Бармас,Undirected,Финетта, Критициондиус,1
Дюлиж, Критициондиус, Хабзей, Бармас,Undirected,Хабзей,1
Дюлиж, Критициондиус, Хабзей, Бармас,Undirected,Хабзей, Арликин,1
Дюлиж, Критициондиус, Хабзей, Бармас,Undirected,Хабзей, Бармас,1
Дюлиж, Критициондиус, Хабзей, Бармас,Undirected,Хабзей, Додон, Финист,1
Дюлиж, Критициондиус, Хабзей, Бармас,Undirected,ЯВЛЕНИЕ I,1
Дюлиж, Критициондиус, Хабзей, Бармас,Undirected,ЯВЛЕНИЕ II,1
Дюлиж, Критициондиус, Хабзей, Бармас,Undirected,ЯВЛЕНИЕ III,1
Дюлиж, Критициондиус, Хабзей, Бармас,Undirected,ЯВЛЕНИЕ IV,1
Дюлиж, Критициондиус, Хабзей, Бармас,Undirected,ЯВЛЕНИЕ IX,1
Дюлиж, Критициондиус, Хабзей, Бармас,Undirected,ЯВЛЕНИЕ V,1
Дюлиж, Критициондиус, Хабзей, Бармас,Undirected,ЯВЛЕНИЕ VI,1
Дюлиж, Критициондиус, Хабзей, Бармас,Undirected,ЯВЛЕНИЕ VII,1
Дюлиж, Критициондиус, Хабзей, Бармас,Undirected,ЯВЛЕНИЕ VIII,1
Дюлиж, Критициондиус, Хабзей, Бармас,Undirected,ЯВЛЕНИЕ X,1
Дюлиж, Критициондиус, Хабзей, Бармас,Undirected,ЯВЛЕНИЕ XI,1
Дюлиж, Критициондиус, Хабзей, Бармас,Undirected,ЯВЛЕНИЕ XII,1
Дюлиж, Критициондиус, Хабзей, Бармас,Undirected,ЯВЛЕНИЕ XIII,1
Дюлиж, Критициондиус, Хабзей, Бармас,Undirected,ЯВЛЕНИЕ ПОСЛЕДНЕЕ,1
Дюлиж, Хабзей, Критициондиус,Undirected,Инфимена, Валер, Арликин,1
Дюлиж, Хабзей, Критициондиус,Undirected,Инфимена, Валер, Гидима, Бармас,1
Дюлиж, Хабзей, Критициондиус,Undirected,Критициондиус,1
Дюлиж, Хабзей, Критициондиус,Undirected,Критициондиус, Арликин,1
Дюлиж, Хабзей, Критициондиус,Undirected,Критициондиус, Дюлиж,1
Дюлиж, Хабзей, Критициондиус,Undirected,Финетта, Инфимена,1
Дюлиж, Хабзей, Критициондиус,Undirected,Финетта, Критициондиус,1
Дюлиж, Хабзей, Критициондиус,Undirected,Хабзей,1
Дюлиж, Хабзей, Критициондиус,Undirected,Хабзей, Арликин,1
Дюлиж, Хабзей, Критициондиус,Undirected,Хабзей, Бармас,1
Дюлиж, Хабзей, Критициондиус,Undirected,Хабзей, Додон, Финист,1
Дюлиж, Хабзей, Критициондиус,Undirected,ЯВЛЕНИЕ I,1
Дюлиж, Хабзей, Критициондиус,Undirected,ЯВЛЕНИЕ II,1
Дюлиж, Хабзей, Критициондиус,Undirected,ЯВЛЕНИЕ III,1
Дюлиж, Хабзей, Критициондиус,Undirected,ЯВЛЕНИЕ IV,1
Дюлиж, Хабзей, Критициондиус,Undirected,ЯВЛЕНИЕ IX,1
Дюлиж, Хабзей, Критициондиус,Undirected,ЯВЛЕНИЕ V,1
Дюлиж, Хабзей, Критициондиус,Undirected,ЯВЛЕНИЕ VI,1
Дюлиж, Хабзей, Критициондиус,Undirected,ЯВЛЕНИЕ VII,1
Дюлиж, Хабзей, Критициондиус,Undirected,ЯВЛЕНИЕ VIII,1
Дюлиж, Хабзей, Критициондиус,Undirected,ЯВЛЕНИЕ X,1
Дюлиж, Хабзей, Критициондиус,Undirected,ЯВЛЕНИЕ XI,1
Дюлиж, Хабзей, Критициондиус,Undirected,ЯВЛЕНИЕ XII,1
Дюлиж, Хабзей, Критициондиус,Undirected,ЯВЛЕНИЕ XIII,1
Дюлиж, Хабзей, Критициондиус,Undirected,ЯВЛЕНИЕ ПОСЛЕДНЕЕ,1
Инфимена, Валер, Арликин,Undirected,Инфимена, Валер, Гидима, Бармас,1
Инфимена, Валер, Арликин,Undirected,Критициондиус,1
Инфимена, Валер, Арликин,Undirected,Критициондиус, Арликин,1
Инфимена, Валер, Арликин,Undirected,Критициондиус, Дюлиж,1
Инфимена, Валер, Арликин,Undirected,Финетта, Инфимена,1
Инфимена, Валер, Арликин,Undirected,Финетта, Критициондиус,1
Инфимена, Валер, Арликин,Undirected,Хабзей,1
Инфимена, Валер, Арликин,Undirected,Хабзей, Арликин,1
Инфимена, Валер, Арликин,Undirected,Хабзей, Бармас,1
Инфимена, Валер, Арликин,Undirected,Хабзей, Додон, Финист,1
Инфимена, Валер, Арликин,Undirected,ЯВЛЕНИЕ I,1
Инфимена, Валер, Арликин,Undirected,ЯВЛЕНИЕ II,1
Инфимена, Валер, Арликин,Undirected,ЯВЛЕНИЕ III,1
Инфимена, Валер, Арликин,Undirected,ЯВЛЕНИЕ IV,1
Инфимена, Валер, Арликин,Undirected,ЯВЛЕНИЕ IX,1
Инфимена, Валер, Арликин,Undirected,ЯВЛЕНИЕ V,1
Инфимена, Валер, Арликин,Undirected,ЯВЛЕНИЕ VI,1
Инфимена, Валер, Арликин,Undirected,ЯВЛЕНИЕ VII,1
Инфимена, Валер, Арликин,Undirected,ЯВЛЕНИЕ VIII,1
Инфимена, Валер, Арликин,Undirected,ЯВЛЕНИЕ X,1
Инфимена, Валер, Арликин,Undirected,ЯВЛЕНИЕ XI,1
Инфимена, Валер, Арликин,Undirected,ЯВЛЕНИЕ XII,1
Инфимена, Валер, Арликин,Undirected,ЯВЛЕНИЕ XIII,1
Инфимена, Валер, Арликин,Undirected,ЯВЛЕНИЕ ПОСЛЕДНЕЕ,1
Инфимена, Валер, Гидима, Бармас,Undirected,Критициондиус,1
Инфимена, Валер, Гидима, Бармас,Undirected,Критициондиус, Арликин,1
Инфимена, Валер, Гидима, Бармас,Undirected,Критициондиус, Дюлиж,1
Инфимена, Валер, Гидима, Бармас,Undirected,Финетта, Инфимена,1
Инфимена, Валер, Гидима, Бармас,Undirected,Финетта, Критициондиус,1
Инфимена, Валер, Гидима, Бармас,Undirected,Хабзей,1
Инфимена, Валер, Гидима, Бармас,Undirected,Хабзей, Арликин,1
Инфимена, Валер, Гидима, Бармас,Undirected,Хабзей, Бармас,1
Инфимена, Валер, Гидима, Бармас,Undirected,Хабзей, Додон, Финист,1
Инфимена, Валер, Гидима, Бармас,Undirected,ЯВЛЕНИЕ I,1
Инфимена, Валер, Гидима, Бармас,Undirected,ЯВЛЕНИЕ II,1
Инфимена, Валер, Гидима, Бармас,Undirected,ЯВЛЕНИЕ III,1
Инфимена, Валер, Гидима, Бармас,Undirected,ЯВЛЕНИЕ IV,1
Инфимена, Валер, Гидима, Бармас,Undirected,ЯВЛЕНИЕ IX,1
Инфимена, Валер, Гидима, Бармас,Undirected,ЯВЛЕНИЕ V,1
Инфимена, Валер, Гидима, Бармас,Undirected,ЯВЛЕНИЕ VI,1
Инфимена, Валер, Гидима, Бармас,Undirected,ЯВЛЕНИЕ VII,1
Инфимена, Валер, Гидима, Бармас,Undirected,ЯВЛЕНИЕ VIII,1
Инфимена, Валер, Гидима, Бармас,Undirected,ЯВЛЕНИЕ X,1
Инфимена, Валер, Гидима, Бармас,Undirected,ЯВЛЕНИЕ XI,1
Инфимена, Валер, Гидима, Бармас,Undirected,ЯВЛЕНИЕ XII,1
Инфимена, Валер, Гидима, Бармас,Undirected,ЯВЛЕНИЕ XIII,1
Инфимена, Валер, Гидима, Бармас,Undirected,ЯВЛЕНИЕ ПОСЛЕДНЕЕ,1
Критициондиус, Арликин,Undirected,Критициондиус, Дюлиж,1
Критициондиус, Арликин,Undirected,Финетта, Инфимена,1
Критициондиус, Арликин,Undirected,Финетта, Критициондиус,1
Критициондиус, Арликин,Undirected,Хабзей,1
Критициондиус, Арликин,Undirected,Хабзей, Арликин,1
Критициондиус, Арликин,Undirected,Хабзей, Бармас,1
Критициондиус, Арликин,Undirected,Хабзей, Додон, Финист,1
Критициондиус, Арликин,Undirected,ЯВЛЕНИЕ I,1
Критициондиус, Арликин,Undirected,ЯВЛЕНИЕ II,1
Критициондиус, Арликин,Undirected,ЯВЛЕНИЕ III,1
Критициондиус, Арликин,Undirected,ЯВЛЕНИЕ IV,1
Критициондиус, Арликин,Undirected,ЯВЛЕНИЕ IX,1
Критициондиус, Арликин,Undirected,ЯВЛЕНИЕ V,1
Критициондиус, Арликин,Undirected,ЯВЛЕНИЕ VI,1
Критициондиус, Арликин,Undirected,ЯВЛЕНИЕ VII,1
Критициондиус, Арликин,Undirected,ЯВЛЕНИЕ VIII,1
Критициондиус, Арликин,Undirected,ЯВЛЕНИЕ X,1
Критициондиус, Арликин,Undirected,ЯВЛЕНИЕ XI,1
Критициондиус, Арликин,Undirected,ЯВЛЕНИЕ XII,1
Критициондиус, Арликин,Undirected,ЯВЛЕНИЕ XIII,1
Критициондиус, Арликин,Undirected,ЯВЛЕНИЕ ПОСЛЕДНЕЕ,1
Критициондиус, Дюлиж,Undirected,Финетта, Инфимена,1
Критициондиус, Дюлиж,Undirected,Финетта, Критициондиус,1
Критициондиус, Дюлиж,Undirected,Хабзей,1
Критициондиус, Дюлиж,Undirected,Хабзей, Арликин,1
Критициондиус, Дюлиж,Undirected,Хабзей, Бармас,1
Критициондиус, Дюлиж,Undirected,Хабзей, Додон, Финист,1
Критициондиус, Дюлиж,Undirected,ЯВЛЕНИЕ I,1
Критициондиус, Дюлиж,Undirected,ЯВЛЕНИЕ II,1
Критициондиус, Дюлиж,Undirected,ЯВЛЕНИЕ III,1
Критициондиус, Дюлиж,Undirected,ЯВЛЕНИЕ IV,1
Критициондиус, Дюлиж,Undirected,ЯВЛЕНИЕ IX,1
Критициондиус, Дюлиж,Undirected,ЯВЛЕНИЕ V,1
Критициондиус, Дюлиж,Undirected,ЯВЛЕНИЕ VI,1
Критициондиус, Дюлиж,Undirected,ЯВЛЕНИЕ VII,1
Критициондиус, Дюлиж,Undirected,ЯВЛЕНИЕ VIII,1
Критициондиус, Дюлиж,Undirected,ЯВЛЕНИЕ X,1
Критициондиус, Дюлиж,Undirected,ЯВЛЕНИЕ XI,1
Критициондиус, Дюлиж,Undirected,ЯВЛЕНИЕ XII,1
Критициондиус, Дюлиж,Undirected,ЯВЛЕНИЕ XIII,1
Критициондиус, Дюлиж,Undirected,ЯВЛЕНИЕ ПОСЛЕДНЕЕ,1
Критициондиус,Undirected,Критициондиус, Арликин,1
Критициондиус,Undirected,Критициондиус, Дюлиж,1
Критициондиус,Undirected,Финетта, Инфимена,1
Критициондиус,Undirected,Финетта, Критициондиус,1
Критициондиус,Undirected,Хабзей,1
Критициондиус,Undirected,Хабзей, Арликин,1
Критициондиус,Undirected,Хабзей, Бармас,1
Критициондиус,Undirected,Хабзей, Додон, Финист,1
Критициондиус,Undirected,ЯВЛЕНИЕ I,1
Критициондиус,Undirected,ЯВЛЕНИЕ II,1
Критициондиус,Undirected,ЯВЛЕНИЕ III,1
Критициондиус,Undirected,ЯВЛЕНИЕ IV,1
Критициондиус,Undirected,ЯВЛЕНИЕ IX,1
Критициондиус,Undirected,ЯВЛЕНИЕ V,1
Критициондиус,Undirected,ЯВЛЕНИЕ VI,1
Критициондиус,Undirected,ЯВЛЕНИЕ VII,1
Критициондиус,Undirected,ЯВЛЕНИЕ VIII,1
Критициондиус,Undirected,ЯВЛЕНИЕ X,1
Критициондиус,Undirected,ЯВЛЕНИЕ XI,1
Критициондиус,Undirected,ЯВЛЕНИЕ XII,1
Критициондиус,Undirected,ЯВЛЕНИЕ XIII,1
Критициондиус,Undirected,ЯВЛЕНИЕ ПОСЛЕДНЕЕ,1
Финетта, Инфимена,Undirected,Финетта, Критициондиус,1
Финетта, Инфимена,Undirected,Хабзей,1
Финетта, Инфимена,Undirected,Хабзей, Арликин,1
Финетта, Инфимена,Undirected,Хабзей, Бармас,1
Финетта, Инфимена,Undirected,Хабзей, Додон, Финист,1
Финетта, Инфимена,Undirected,ЯВЛЕНИЕ I,1
Финетта, Инфимена,Undirected,ЯВЛЕНИЕ II,1
Финетта, Инфимена,Undirected,ЯВЛЕНИЕ III,1
Финетта, Инфимена,Undirected,ЯВЛЕНИЕ IV,1
Финетта, Инфимена,Undirected,ЯВЛЕНИЕ IX,1
Финетта, Инфимена,Undirected,ЯВЛЕНИЕ V,1
Финетта, Инфимена,Undirected,ЯВЛЕНИЕ VI,1
Финетта, Инфимена,Undirected,ЯВЛЕНИЕ VII,1
Финетта, Инфимена,Undirected,ЯВЛЕНИЕ VIII,1
Финетта, Инфимена,Undirected,ЯВЛЕНИЕ X,1
Финетта, Инфимена,Undirected,ЯВЛЕНИЕ XI,1
Финетта, Инфимена,Undirected,ЯВЛЕНИЕ XII,1
Финетта, Инфимена,Undirected,ЯВЛЕНИЕ XIII,1
Финетта, Инфимена,Undirected,ЯВЛЕНИЕ ПОСЛЕДНЕЕ,1
Финетта, Критициондиус,Undirected,Хабзей,1
Финетта, Критициондиус,Undirected,Хабзей, Арликин,1
Финетта, Критициондиус,Undirected,Хабзей, Бармас,1
Финетта, Критициондиус,Undirected,Хабзей, Додон, Финист,1
Финетта, Критициондиус,Undirected,ЯВЛЕНИЕ I,1
Финетта, Критициондиус,Undirected,ЯВЛЕНИЕ II,1
Финетта, Критициондиус,Undirected,ЯВЛЕНИЕ III,1
Финетта, Критициондиус,Undirected,ЯВЛЕНИЕ IV,1
Финетта, Критициондиус,Undirected,ЯВЛЕНИЕ IX,1
Финетта, Критициондиус,Undirected,ЯВЛЕНИЕ V,1
Финетта, Критициондиус,Undirected,ЯВЛЕНИЕ VI,1
Финетта, Критициондиус,Undirected,ЯВЛЕНИЕ VII,1
Финетта, Критициондиус,Undirected,ЯВЛЕНИЕ VIII,1
Финетта, Критициондиус,Undirected,ЯВЛЕНИЕ X,1
Финетта, Критициондиус,Undirected,ЯВЛЕНИЕ XI,1
Финетта, Критициондиус,Undirected,ЯВЛЕНИЕ XII,1
Финетта, Критициондиус,Undirected,ЯВЛЕНИЕ XIII,1
Финетта, Критициондиус,Undirected,ЯВЛЕНИЕ ПОСЛЕДНЕЕ,1
Хабзей, Арликин,Undirected,Хабзей, Бармас,1
Хабзей, Арликин,Undirected,Хабзей, Додон, Финист,1
Хабзей, Арликин,Undirected,ЯВЛЕНИЕ I,1
Хабзей, Арликин,Undirected,ЯВЛЕНИЕ II,1
Хабзей, Арликин,Undirected,ЯВЛЕНИЕ III,1
Хабзей, Арликин,Undirected,ЯВЛЕНИЕ IV,1
Хабзей, Арликин,Undirected,ЯВЛЕНИЕ IX,1
Хабзей, Арликин,Undirected,ЯВЛЕНИЕ V,1
Хабзей, Арликин,Undirected,ЯВЛЕНИЕ VI,1
Хабзей, Арликин,Undirected,ЯВЛЕНИЕ VII,1
Хабзей, Арликин,Undirected,ЯВЛЕНИЕ VIII,1
Хабзей, Арликин,Undirected,ЯВЛЕНИЕ X,1
Хабзей, Арликин,Undirected,ЯВЛЕНИЕ XI,1
Хабзей, Арликин,Undirected,ЯВЛЕНИЕ XII,1
Хабзей, Арликин,Undirected,ЯВЛЕНИЕ XIII,1
Хабзей, Арликин,Undirected,ЯВЛЕНИЕ ПОСЛЕДНЕЕ,1
Хабзей, Бармас,Undirected,Хабзей, Додон, Финист,1
Хабзей, Бармас,Undirected,ЯВЛЕНИЕ I,1
Хабзей, Бармас,Undirected,ЯВЛЕНИЕ II,1
Хабзей, Бармас,Undirected,ЯВЛЕНИЕ III,1
Хабзей, Бармас,Undirected,ЯВЛЕНИЕ IV,1
Хабзей, Бармас,Undirected,ЯВЛЕНИЕ IX,1
Хабзей, Бармас,Undirected,ЯВЛЕНИЕ V,1
Хабзей, Бармас,Undirected,ЯВЛЕНИЕ VI,1
Хабзей, Бармас,Undirected,ЯВЛЕНИЕ VII,1
Хабзей, Бармас,Undirected,ЯВЛЕНИЕ VIII,1
Хабзей, Бармас,Undirected,ЯВЛЕНИЕ X,1
Хабзей, Бармас,Undirected,ЯВЛЕНИЕ XI,1
Хабзей, Бармас,Undirected,ЯВЛЕНИЕ XII,1
Хабзей, Бармас,Undirected,ЯВЛЕНИЕ XIII,1
Хабзей, Бармас,Undirected,ЯВЛЕНИЕ ПОСЛЕДНЕЕ,1
Хабзей, Додон, Финист,Undirected,ЯВЛЕНИЕ I,1
Хабзей, Додон, Финист,Undirected,ЯВЛЕНИЕ II,1
Хабзей, Додон, Финист,Undirected,ЯВЛЕНИЕ III,1
Хабзей, Додон, Финист,Undirected,ЯВЛЕНИЕ IV,1
Хабзей, Додон, Финист,Undirected,ЯВЛЕНИЕ IX,1
Хабзей, Додон, Финист,Undirected,ЯВЛЕНИЕ V,1
Хабзей, Додон, Финист,Undirected,ЯВЛЕНИЕ VI,1
Хабзей, Додон, Финист,Undirected,ЯВЛЕНИЕ VII,1
Хабзей, Додон, Финист,Undirected,ЯВЛЕНИЕ VIII,1
Хабзей, Додон, Финист,Undirected,ЯВЛЕНИЕ X,1
Хабзей, Додон, Финист,Undirected,ЯВЛЕНИЕ XI,1
Хабзей, Додон, Финист,Undirected,ЯВЛЕНИЕ XII,1
Хабзей, Додон, Финист,Undirected,ЯВЛЕНИЕ XIII,1
Хабзей, Додон, Финист,Undirected,ЯВЛЕНИЕ ПОСЛЕДНЕЕ,1
Хабзей,Undirected,Хабзей, Арликин,1
Хабзей,Undirected,Хабзей, Бармас,1
Хабзей,Undirected,Хабзей, Додон, Финист,1
Хабзей,Undirected,ЯВЛЕНИЕ I,1
Хабзей,Undirected,ЯВЛЕНИЕ II,1
Хабзей,Undirected,ЯВЛЕНИЕ III,1
Хабзей,Undirected,ЯВЛЕНИЕ IV,1
Хабзей,Undirected,ЯВЛЕНИЕ IX,1
Хабзей,Undirected,ЯВЛЕНИЕ V,1
Хабзей,Undirected,ЯВЛЕНИЕ VI,1
Хабзей,Undirected,ЯВЛЕНИЕ VII,1
Хабзей,Undirected,ЯВЛЕНИЕ VIII,1
Хабзей,Undirected,ЯВЛЕНИЕ X,1
Хабзей,Undirected,ЯВЛЕНИЕ XI,1
Хабзей,Undirected,ЯВЛЕНИЕ XII,1
Хабзей,Undirected,ЯВЛЕНИЕ XIII,1
Хабзей,Undirected,ЯВЛЕНИЕ ПОСЛЕДНЕЕ,1
ЯВЛЕНИЕ III,Undirected,ЯВЛЕНИЕ IV,1
ЯВЛЕНИЕ III,Undirected,ЯВЛЕНИЕ IX,1
ЯВЛЕНИЕ III,Undirected,ЯВЛЕНИЕ V,1
ЯВЛЕНИЕ III,Undirected,ЯВЛЕНИЕ VI,1
ЯВЛЕНИЕ III,Undirected,ЯВЛЕНИЕ VII,1
ЯВЛЕНИЕ III,Undirected,ЯВЛЕНИЕ VIII,1
ЯВЛЕНИЕ III,Undirected,ЯВЛЕНИЕ X,1
ЯВЛЕНИЕ III,Undirected,ЯВЛЕНИЕ XI,1
ЯВЛЕНИЕ III,Undirected,ЯВЛЕНИЕ XII,1
ЯВЛЕНИЕ III,Undirected,ЯВЛЕНИЕ XIII,1
ЯВЛЕНИЕ III,Undirected,ЯВЛЕНИЕ ПОСЛЕДНЕЕ,1
ЯВЛЕНИЕ II,Undirected,ЯВЛЕНИЕ III,1
ЯВЛЕНИЕ II,Undirected,ЯВЛЕНИЕ IV,1
ЯВЛЕНИЕ II,Undirected,ЯВЛЕНИЕ IX,1
ЯВЛЕНИЕ II,Undirected,ЯВЛЕНИЕ V,1
ЯВЛЕНИЕ II,Undirected,ЯВЛЕНИЕ VI,1
ЯВЛЕНИЕ II,Undirected,ЯВЛЕНИЕ VII,1
ЯВЛЕНИЕ II,Undirected,ЯВЛЕНИЕ VIII,1
ЯВЛЕНИЕ II,Undirected,ЯВЛЕНИЕ X,1
ЯВЛЕНИЕ II,Undirected,ЯВЛЕНИЕ XI,1
ЯВЛЕНИЕ II,Undirected,ЯВЛЕНИЕ XII,1
ЯВЛЕНИЕ II,Undirected,ЯВЛЕНИЕ XIII,1
ЯВЛЕНИЕ II,Undirected,ЯВЛЕНИЕ ПОСЛЕДНЕЕ,1
ЯВЛЕНИЕ IV,Undirected,ЯВЛЕНИЕ IX,1
ЯВЛЕНИЕ IV,Undirected,ЯВЛЕНИЕ V,1
ЯВЛЕНИЕ IV,Undirected,ЯВЛЕНИЕ VI,1
ЯВЛЕНИЕ IV,Undirected,ЯВЛЕНИЕ VII,1
ЯВЛЕНИЕ IV,Undirected,ЯВЛЕНИЕ VIII,1
ЯВЛЕНИЕ IV,Undirected,ЯВЛЕНИЕ X,1
ЯВЛЕНИЕ IV,Undirected,ЯВЛЕНИЕ XI,1
ЯВЛЕНИЕ IV,Undirected,ЯВЛЕНИЕ XII,1
ЯВЛЕНИЕ IV,Undirected,ЯВЛЕНИЕ XIII,1
ЯВЛЕНИЕ IV,Undirected,ЯВЛЕНИЕ ПОСЛЕДНЕЕ,1
ЯВЛЕНИЕ IX,Undirected,ЯВЛЕНИЕ V,1
ЯВЛЕНИЕ IX,Undirected,ЯВЛЕНИЕ VI,1
ЯВЛЕНИЕ IX,Undirected,ЯВЛЕНИЕ VII,1
ЯВЛЕНИЕ IX,Undirected,ЯВЛЕНИЕ VIII,1
ЯВЛЕНИЕ IX,Undirected,ЯВЛЕНИЕ X,1
ЯВЛЕНИЕ IX,Undirected,ЯВЛЕНИЕ XI,1
ЯВЛЕНИЕ IX,Undirected,ЯВЛЕНИЕ XII,1
ЯВЛЕНИЕ IX,Undirected,ЯВЛЕНИЕ XIII,1
ЯВЛЕНИЕ IX,Undirected,ЯВЛЕНИЕ ПОСЛЕДНЕЕ,1
ЯВЛЕНИЕ I,Undirected,ЯВЛЕНИЕ II,1
ЯВЛЕНИЕ I,Undirected,ЯВЛЕНИЕ III,1
ЯВЛЕНИЕ I,Undirected,ЯВЛЕНИЕ IV,1
ЯВЛЕНИЕ I,Undirected,ЯВЛЕНИЕ IX,1
ЯВЛЕНИЕ I,Undirected,ЯВЛЕНИЕ V,1
ЯВЛЕНИЕ I,Undirected,ЯВЛЕНИЕ VI,1
ЯВЛЕНИЕ I,Undirected,ЯВЛЕНИЕ VII,1
ЯВЛЕНИЕ I,Undirected,ЯВЛЕНИЕ VIII,1
ЯВЛЕНИЕ I,Undirected,ЯВЛЕНИЕ X,1
ЯВЛЕНИЕ I,Undirected,ЯВЛЕНИЕ XI,1
ЯВЛЕНИЕ I,Undirected,ЯВЛЕНИЕ XII,1
ЯВЛЕНИЕ I,Undirected,ЯВЛЕНИЕ XIII,1
ЯВЛЕНИЕ I,Undirected,ЯВЛЕНИЕ ПОСЛЕДНЕЕ,1
ЯВЛЕНИЕ VIII,Undirected,ЯВЛЕНИЕ X,1
ЯВЛЕНИЕ VIII,Undirected,ЯВЛЕНИЕ XI,1
ЯВЛЕНИЕ VIII,Undirected,ЯВЛЕНИЕ XII,1
ЯВЛЕНИЕ VIII,Undirected,ЯВЛЕНИЕ XIII,1
ЯВЛЕНИЕ VIII,Undirected,ЯВЛЕНИЕ ПОСЛЕДНЕЕ,1
ЯВЛЕНИЕ VII,Undirected,ЯВЛЕНИЕ VIII,1
ЯВЛЕНИЕ VII,Undirected,ЯВЛЕНИЕ X,1
ЯВЛЕНИЕ VII,Undirected,ЯВЛЕНИЕ XI,1
ЯВЛЕНИЕ VII,Undirected,ЯВЛЕНИЕ XII,1
ЯВЛЕНИЕ VII,Undirected,ЯВЛЕНИЕ XIII,1
ЯВЛЕНИЕ VII,Undirected,ЯВЛЕНИЕ ПОСЛЕДНЕЕ,1
ЯВЛЕНИЕ VI,Undirected,ЯВЛЕНИЕ VII,1
ЯВЛЕНИЕ VI,Undirected,ЯВЛЕНИЕ VIII,1
ЯВЛЕНИЕ VI,Undirected,ЯВЛЕНИЕ X,1
ЯВЛЕНИЕ VI,Undirected,ЯВЛЕНИЕ XI,1
ЯВЛЕНИЕ VI,Undirected,ЯВЛЕНИЕ XII,1
ЯВЛЕНИЕ VI,Undirected,ЯВЛЕНИЕ XIII,1
ЯВЛЕНИЕ VI,Undirected,ЯВЛЕНИЕ ПОСЛЕДНЕЕ,1
ЯВЛЕНИЕ V,Undirected,ЯВЛЕНИЕ VI,1
ЯВЛЕНИЕ V,Undirected,ЯВЛЕНИЕ VII,1
ЯВЛЕНИЕ V,Undirected,ЯВЛЕНИЕ VIII,1
ЯВЛЕНИЕ V,Undirected,ЯВЛЕНИЕ X,1
ЯВЛЕНИЕ V,Undirected,ЯВЛЕНИЕ XI,1
ЯВЛЕНИЕ V,Undirected,ЯВЛЕНИЕ XII,1
ЯВЛЕНИЕ V,Undirected,ЯВЛЕНИЕ XIII,1
ЯВЛЕНИЕ V,Undirected,ЯВЛЕНИЕ ПОСЛЕДНЕЕ,1
ЯВЛЕНИЕ XIII,Undirected,ЯВЛЕНИЕ ПОСЛЕДНЕЕ,1
ЯВЛЕНИЕ XII,Undirected,ЯВЛЕНИЕ XIII,1
ЯВЛЕНИЕ XII,Undirected,ЯВЛЕНИЕ ПОСЛЕДНЕЕ,1
ЯВЛЕНИЕ XI,Undirected,ЯВЛЕНИЕ XII,1
ЯВЛЕНИЕ XI,Undirected,ЯВЛЕНИЕ XIII,1
ЯВЛЕНИЕ XI,Undirected,ЯВЛЕНИЕ ПОСЛЕДНЕЕ,1
ЯВЛЕНИЕ X,Undirected,ЯВЛЕНИЕ XI,1
ЯВЛЕНИЕ X,Undirected,ЯВЛЕНИЕ XII,1
ЯВЛЕНИЕ X,Undirected,ЯВЛЕНИЕ XIII,1
ЯВЛЕНИЕ X,Undirected,ЯВЛЕНИЕ ПОСЛЕДНЕЕ,1
